OBJECTID,PERIMETER,ACREAGE,SQ_MILES,Name,Shape__Area,Shape__Length
1,1077465.97060802,653634.55597106,1021.3039937,Yolo County,28469019557.9443,1077407.97622393
